--
-- PostgreSQL database dump
--

-- Dumped from database version 17.1
-- Dumped by pg_dump version 17.1

SET statement_timeout = 0;
SET lock_timeout = 0;
SET idle_in_transaction_session_timeout = 0;
SET transaction_timeout = 0;
SET client_encoding = 'UTF8';
SET standard_conforming_strings = on;
SELECT pg_catalog.set_config('search_path', '', false);
SET check_function_bodies = false;
SET xmloption = content;
SET client_min_messages = warning;
SET row_security = off;

SET default_tablespace = '';

SET default_table_access_method = heap;

--
-- Name: account_emailaddress; Type: TABLE; Schema: public; Owner: postgres
--

CREATE TABLE public.account_emailaddress (
    id integer NOT NULL,
    email character varying(254) NOT NULL,
    verified boolean NOT NULL,
    "primary" boolean NOT NULL,
    user_id bigint NOT NULL
);


ALTER TABLE public.account_emailaddress OWNER TO postgres;

--
-- Name: account_emailaddress_id_seq; Type: SEQUENCE; Schema: public; Owner: postgres
--

ALTER TABLE public.account_emailaddress ALTER COLUMN id ADD GENERATED BY DEFAULT AS IDENTITY (
    SEQUENCE NAME public.account_emailaddress_id_seq
    START WITH 1
    INCREMENT BY 1
    NO MINVALUE
    NO MAXVALUE
    CACHE 1
);


--
-- Name: account_emailconfirmation; Type: TABLE; Schema: public; Owner: postgres
--

CREATE TABLE public.account_emailconfirmation (
    id integer NOT NULL,
    created timestamp with time zone NOT NULL,
    sent timestamp with time zone,
    key character varying(64) NOT NULL,
    email_address_id integer NOT NULL
);


ALTER TABLE public.account_emailconfirmation OWNER TO postgres;

--
-- Name: account_emailconfirmation_id_seq; Type: SEQUENCE; Schema: public; Owner: postgres
--

ALTER TABLE public.account_emailconfirmation ALTER COLUMN id ADD GENERATED BY DEFAULT AS IDENTITY (
    SEQUENCE NAME public.account_emailconfirmation_id_seq
    START WITH 1
    INCREMENT BY 1
    NO MINVALUE
    NO MAXVALUE
    CACHE 1
);


--
-- Name: accounts_user; Type: TABLE; Schema: public; Owner: postgres
--

CREATE TABLE public.accounts_user (
    id bigint NOT NULL,
    password character varying(128) NOT NULL,
    last_login timestamp with time zone,
    is_superuser boolean NOT NULL,
    username character varying(150) NOT NULL,
    first_name character varying(150) NOT NULL,
    last_name character varying(150) NOT NULL,
    email character varying(254) NOT NULL,
    is_staff boolean NOT NULL,
    is_active boolean NOT NULL,
    date_joined timestamp with time zone NOT NULL,
    nickname character varying(100) NOT NULL
);


ALTER TABLE public.accounts_user OWNER TO postgres;

--
-- Name: accounts_user_groups; Type: TABLE; Schema: public; Owner: postgres
--

CREATE TABLE public.accounts_user_groups (
    id bigint NOT NULL,
    user_id bigint NOT NULL,
    group_id integer NOT NULL
);


ALTER TABLE public.accounts_user_groups OWNER TO postgres;

--
-- Name: accounts_user_groups_id_seq; Type: SEQUENCE; Schema: public; Owner: postgres
--

ALTER TABLE public.accounts_user_groups ALTER COLUMN id ADD GENERATED BY DEFAULT AS IDENTITY (
    SEQUENCE NAME public.accounts_user_groups_id_seq
    START WITH 1
    INCREMENT BY 1
    NO MINVALUE
    NO MAXVALUE
    CACHE 1
);


--
-- Name: accounts_user_id_seq; Type: SEQUENCE; Schema: public; Owner: postgres
--

ALTER TABLE public.accounts_user ALTER COLUMN id ADD GENERATED BY DEFAULT AS IDENTITY (
    SEQUENCE NAME public.accounts_user_id_seq
    START WITH 1
    INCREMENT BY 1
    NO MINVALUE
    NO MAXVALUE
    CACHE 1
);


--
-- Name: accounts_user_user_permissions; Type: TABLE; Schema: public; Owner: postgres
--

CREATE TABLE public.accounts_user_user_permissions (
    id bigint NOT NULL,
    user_id bigint NOT NULL,
    permission_id integer NOT NULL
);


ALTER TABLE public.accounts_user_user_permissions OWNER TO postgres;

--
-- Name: accounts_user_user_permissions_id_seq; Type: SEQUENCE; Schema: public; Owner: postgres
--

ALTER TABLE public.accounts_user_user_permissions ALTER COLUMN id ADD GENERATED BY DEFAULT AS IDENTITY (
    SEQUENCE NAME public.accounts_user_user_permissions_id_seq
    START WITH 1
    INCREMENT BY 1
    NO MINVALUE
    NO MAXVALUE
    CACHE 1
);


--
-- Name: auth_group; Type: TABLE; Schema: public; Owner: postgres
--

CREATE TABLE public.auth_group (
    id integer NOT NULL,
    name character varying(150) NOT NULL
);


ALTER TABLE public.auth_group OWNER TO postgres;

--
-- Name: auth_group_id_seq; Type: SEQUENCE; Schema: public; Owner: postgres
--

ALTER TABLE public.auth_group ALTER COLUMN id ADD GENERATED BY DEFAULT AS IDENTITY (
    SEQUENCE NAME public.auth_group_id_seq
    START WITH 1
    INCREMENT BY 1
    NO MINVALUE
    NO MAXVALUE
    CACHE 1
);


--
-- Name: auth_group_permissions; Type: TABLE; Schema: public; Owner: postgres
--

CREATE TABLE public.auth_group_permissions (
    id bigint NOT NULL,
    group_id integer NOT NULL,
    permission_id integer NOT NULL
);


ALTER TABLE public.auth_group_permissions OWNER TO postgres;

--
-- Name: auth_group_permissions_id_seq; Type: SEQUENCE; Schema: public; Owner: postgres
--

ALTER TABLE public.auth_group_permissions ALTER COLUMN id ADD GENERATED BY DEFAULT AS IDENTITY (
    SEQUENCE NAME public.auth_group_permissions_id_seq
    START WITH 1
    INCREMENT BY 1
    NO MINVALUE
    NO MAXVALUE
    CACHE 1
);


--
-- Name: auth_permission; Type: TABLE; Schema: public; Owner: postgres
--

CREATE TABLE public.auth_permission (
    id integer NOT NULL,
    name character varying(255) NOT NULL,
    content_type_id integer NOT NULL,
    codename character varying(100) NOT NULL
);


ALTER TABLE public.auth_permission OWNER TO postgres;

--
-- Name: auth_permission_id_seq; Type: SEQUENCE; Schema: public; Owner: postgres
--

ALTER TABLE public.auth_permission ALTER COLUMN id ADD GENERATED BY DEFAULT AS IDENTITY (
    SEQUENCE NAME public.auth_permission_id_seq
    START WITH 1
    INCREMENT BY 1
    NO MINVALUE
    NO MAXVALUE
    CACHE 1
);


--
-- Name: authtoken_token; Type: TABLE; Schema: public; Owner: postgres
--

CREATE TABLE public.authtoken_token (
    key character varying(40) NOT NULL,
    created timestamp with time zone NOT NULL,
    user_id bigint NOT NULL
);


ALTER TABLE public.authtoken_token OWNER TO postgres;

--
-- Name: boards_newsarticle; Type: TABLE; Schema: public; Owner: postgres
--

CREATE TABLE public.boards_newsarticle (
    id bigint NOT NULL,
    title character varying(255) NOT NULL,
    content text NOT NULL,
    category character varying(50) NOT NULL,
    date date NOT NULL,
    keywords text,
    likes_count integer NOT NULL,
    views_count integer NOT NULL,
    CONSTRAINT boards_newsarticle_likes_count_check CHECK ((likes_count >= 0)),
    CONSTRAINT boards_newsarticle_views_count_check CHECK ((views_count >= 0))
);


ALTER TABLE public.boards_newsarticle OWNER TO postgres;

--
-- Name: boards_newsarticle_id_seq; Type: SEQUENCE; Schema: public; Owner: postgres
--

ALTER TABLE public.boards_newsarticle ALTER COLUMN id ADD GENERATED BY DEFAULT AS IDENTITY (
    SEQUENCE NAME public.boards_newsarticle_id_seq
    START WITH 1
    INCREMENT BY 1
    NO MINVALUE
    NO MAXVALUE
    CACHE 1
);


--
-- Name: boards_newsarticle_liked_users; Type: TABLE; Schema: public; Owner: postgres
--

CREATE TABLE public.boards_newsarticle_liked_users (
    id bigint NOT NULL,
    newsarticle_id bigint NOT NULL,
    user_id bigint NOT NULL
);


ALTER TABLE public.boards_newsarticle_liked_users OWNER TO postgres;

--
-- Name: boards_newsarticle_liked_users_id_seq; Type: SEQUENCE; Schema: public; Owner: postgres
--

ALTER TABLE public.boards_newsarticle_liked_users ALTER COLUMN id ADD GENERATED BY DEFAULT AS IDENTITY (
    SEQUENCE NAME public.boards_newsarticle_liked_users_id_seq
    START WITH 1
    INCREMENT BY 1
    NO MINVALUE
    NO MAXVALUE
    CACHE 1
);


--
-- Name: django_admin_log; Type: TABLE; Schema: public; Owner: postgres
--

CREATE TABLE public.django_admin_log (
    id integer NOT NULL,
    action_time timestamp with time zone NOT NULL,
    object_id text,
    object_repr character varying(200) NOT NULL,
    action_flag smallint NOT NULL,
    change_message text NOT NULL,
    content_type_id integer,
    user_id bigint NOT NULL,
    CONSTRAINT django_admin_log_action_flag_check CHECK ((action_flag >= 0))
);


ALTER TABLE public.django_admin_log OWNER TO postgres;

--
-- Name: django_admin_log_id_seq; Type: SEQUENCE; Schema: public; Owner: postgres
--

ALTER TABLE public.django_admin_log ALTER COLUMN id ADD GENERATED BY DEFAULT AS IDENTITY (
    SEQUENCE NAME public.django_admin_log_id_seq
    START WITH 1
    INCREMENT BY 1
    NO MINVALUE
    NO MAXVALUE
    CACHE 1
);


--
-- Name: django_content_type; Type: TABLE; Schema: public; Owner: postgres
--

CREATE TABLE public.django_content_type (
    id integer NOT NULL,
    app_label character varying(100) NOT NULL,
    model character varying(100) NOT NULL
);


ALTER TABLE public.django_content_type OWNER TO postgres;

--
-- Name: django_content_type_id_seq; Type: SEQUENCE; Schema: public; Owner: postgres
--

ALTER TABLE public.django_content_type ALTER COLUMN id ADD GENERATED BY DEFAULT AS IDENTITY (
    SEQUENCE NAME public.django_content_type_id_seq
    START WITH 1
    INCREMENT BY 1
    NO MINVALUE
    NO MAXVALUE
    CACHE 1
);


--
-- Name: django_migrations; Type: TABLE; Schema: public; Owner: postgres
--

CREATE TABLE public.django_migrations (
    id bigint NOT NULL,
    app character varying(255) NOT NULL,
    name character varying(255) NOT NULL,
    applied timestamp with time zone NOT NULL
);


ALTER TABLE public.django_migrations OWNER TO postgres;

--
-- Name: django_migrations_id_seq; Type: SEQUENCE; Schema: public; Owner: postgres
--

ALTER TABLE public.django_migrations ALTER COLUMN id ADD GENERATED BY DEFAULT AS IDENTITY (
    SEQUENCE NAME public.django_migrations_id_seq
    START WITH 1
    INCREMENT BY 1
    NO MINVALUE
    NO MAXVALUE
    CACHE 1
);


--
-- Name: django_session; Type: TABLE; Schema: public; Owner: postgres
--

CREATE TABLE public.django_session (
    session_key character varying(40) NOT NULL,
    session_data text NOT NULL,
    expire_date timestamp with time zone NOT NULL
);


ALTER TABLE public.django_session OWNER TO postgres;

--
-- Name: movies_actor; Type: TABLE; Schema: public; Owner: postgres
--

CREATE TABLE public.movies_actor (
    id bigint NOT NULL,
    tmdb_id integer NOT NULL,
    name character varying(255) NOT NULL,
    "character" character varying(255)
);


ALTER TABLE public.movies_actor OWNER TO postgres;

--
-- Name: movies_actor_id_seq; Type: SEQUENCE; Schema: public; Owner: postgres
--

ALTER TABLE public.movies_actor ALTER COLUMN id ADD GENERATED BY DEFAULT AS IDENTITY (
    SEQUENCE NAME public.movies_actor_id_seq
    START WITH 1
    INCREMENT BY 1
    NO MINVALUE
    NO MAXVALUE
    CACHE 1
);


--
-- Name: movies_director; Type: TABLE; Schema: public; Owner: postgres
--

CREATE TABLE public.movies_director (
    id bigint NOT NULL,
    tmdb_id integer NOT NULL,
    name character varying(255) NOT NULL
);


ALTER TABLE public.movies_director OWNER TO postgres;

--
-- Name: movies_director_id_seq; Type: SEQUENCE; Schema: public; Owner: postgres
--

ALTER TABLE public.movies_director ALTER COLUMN id ADD GENERATED BY DEFAULT AS IDENTITY (
    SEQUENCE NAME public.movies_director_id_seq
    START WITH 1
    INCREMENT BY 1
    NO MINVALUE
    NO MAXVALUE
    CACHE 1
);


--
-- Name: movies_genre; Type: TABLE; Schema: public; Owner: postgres
--

CREATE TABLE public.movies_genre (
    id bigint NOT NULL,
    tmdb_id integer NOT NULL,
    name character varying(100) NOT NULL
);


ALTER TABLE public.movies_genre OWNER TO postgres;

--
-- Name: movies_genre_id_seq; Type: SEQUENCE; Schema: public; Owner: postgres
--

ALTER TABLE public.movies_genre ALTER COLUMN id ADD GENERATED BY DEFAULT AS IDENTITY (
    SEQUENCE NAME public.movies_genre_id_seq
    START WITH 1
    INCREMENT BY 1
    NO MINVALUE
    NO MAXVALUE
    CACHE 1
);


--
-- Name: movies_movie; Type: TABLE; Schema: public; Owner: postgres
--

CREATE TABLE public.movies_movie (
    id bigint NOT NULL,
    tmdb_id integer NOT NULL,
    title character varying(255) NOT NULL,
    overview text NOT NULL,
    release_date date,
    popularity double precision,
    vote_average double precision,
    vote_count integer,
    poster_path character varying(255),
    backdrop_path character varying(255)
);


ALTER TABLE public.movies_movie OWNER TO postgres;

--
-- Name: movies_movie_actors; Type: TABLE; Schema: public; Owner: postgres
--

CREATE TABLE public.movies_movie_actors (
    id bigint NOT NULL,
    movie_id bigint NOT NULL,
    actor_id bigint NOT NULL
);


ALTER TABLE public.movies_movie_actors OWNER TO postgres;

--
-- Name: movies_movie_actors_id_seq; Type: SEQUENCE; Schema: public; Owner: postgres
--

ALTER TABLE public.movies_movie_actors ALTER COLUMN id ADD GENERATED BY DEFAULT AS IDENTITY (
    SEQUENCE NAME public.movies_movie_actors_id_seq
    START WITH 1
    INCREMENT BY 1
    NO MINVALUE
    NO MAXVALUE
    CACHE 1
);


--
-- Name: movies_movie_directors; Type: TABLE; Schema: public; Owner: postgres
--

CREATE TABLE public.movies_movie_directors (
    id bigint NOT NULL,
    movie_id bigint NOT NULL,
    director_id bigint NOT NULL
);


ALTER TABLE public.movies_movie_directors OWNER TO postgres;

--
-- Name: movies_movie_directors_id_seq; Type: SEQUENCE; Schema: public; Owner: postgres
--

ALTER TABLE public.movies_movie_directors ALTER COLUMN id ADD GENERATED BY DEFAULT AS IDENTITY (
    SEQUENCE NAME public.movies_movie_directors_id_seq
    START WITH 1
    INCREMENT BY 1
    NO MINVALUE
    NO MAXVALUE
    CACHE 1
);


--
-- Name: movies_movie_genres; Type: TABLE; Schema: public; Owner: postgres
--

CREATE TABLE public.movies_movie_genres (
    id bigint NOT NULL,
    movie_id bigint NOT NULL,
    genre_id bigint NOT NULL
);


ALTER TABLE public.movies_movie_genres OWNER TO postgres;

--
-- Name: movies_movie_genres_id_seq; Type: SEQUENCE; Schema: public; Owner: postgres
--

ALTER TABLE public.movies_movie_genres ALTER COLUMN id ADD GENERATED BY DEFAULT AS IDENTITY (
    SEQUENCE NAME public.movies_movie_genres_id_seq
    START WITH 1
    INCREMENT BY 1
    NO MINVALUE
    NO MAXVALUE
    CACHE 1
);


--
-- Name: movies_movie_id_seq; Type: SEQUENCE; Schema: public; Owner: postgres
--

ALTER TABLE public.movies_movie ALTER COLUMN id ADD GENERATED BY DEFAULT AS IDENTITY (
    SEQUENCE NAME public.movies_movie_id_seq
    START WITH 1
    INCREMENT BY 1
    NO MINVALUE
    NO MAXVALUE
    CACHE 1
);


--
-- Name: socialaccount_socialaccount; Type: TABLE; Schema: public; Owner: postgres
--

CREATE TABLE public.socialaccount_socialaccount (
    id integer NOT NULL,
    provider character varying(200) NOT NULL,
    uid character varying(191) NOT NULL,
    last_login timestamp with time zone NOT NULL,
    date_joined timestamp with time zone NOT NULL,
    extra_data jsonb NOT NULL,
    user_id bigint NOT NULL
);


ALTER TABLE public.socialaccount_socialaccount OWNER TO postgres;

--
-- Name: socialaccount_socialaccount_id_seq; Type: SEQUENCE; Schema: public; Owner: postgres
--

ALTER TABLE public.socialaccount_socialaccount ALTER COLUMN id ADD GENERATED BY DEFAULT AS IDENTITY (
    SEQUENCE NAME public.socialaccount_socialaccount_id_seq
    START WITH 1
    INCREMENT BY 1
    NO MINVALUE
    NO MAXVALUE
    CACHE 1
);


--
-- Name: socialaccount_socialapp; Type: TABLE; Schema: public; Owner: postgres
--

CREATE TABLE public.socialaccount_socialapp (
    id integer NOT NULL,
    provider character varying(30) NOT NULL,
    name character varying(40) NOT NULL,
    client_id character varying(191) NOT NULL,
    secret character varying(191) NOT NULL,
    key character varying(191) NOT NULL,
    provider_id character varying(200) NOT NULL,
    settings jsonb NOT NULL
);


ALTER TABLE public.socialaccount_socialapp OWNER TO postgres;

--
-- Name: socialaccount_socialapp_id_seq; Type: SEQUENCE; Schema: public; Owner: postgres
--

ALTER TABLE public.socialaccount_socialapp ALTER COLUMN id ADD GENERATED BY DEFAULT AS IDENTITY (
    SEQUENCE NAME public.socialaccount_socialapp_id_seq
    START WITH 1
    INCREMENT BY 1
    NO MINVALUE
    NO MAXVALUE
    CACHE 1
);


--
-- Name: socialaccount_socialtoken; Type: TABLE; Schema: public; Owner: postgres
--

CREATE TABLE public.socialaccount_socialtoken (
    id integer NOT NULL,
    token text NOT NULL,
    token_secret text NOT NULL,
    expires_at timestamp with time zone,
    account_id integer NOT NULL,
    app_id integer
);


ALTER TABLE public.socialaccount_socialtoken OWNER TO postgres;

--
-- Name: socialaccount_socialtoken_id_seq; Type: SEQUENCE; Schema: public; Owner: postgres
--

ALTER TABLE public.socialaccount_socialtoken ALTER COLUMN id ADD GENERATED BY DEFAULT AS IDENTITY (
    SEQUENCE NAME public.socialaccount_socialtoken_id_seq
    START WITH 1
    INCREMENT BY 1
    NO MINVALUE
    NO MAXVALUE
    CACHE 1
);


--
-- Data for Name: account_emailaddress; Type: TABLE DATA; Schema: public; Owner: postgres
--

COPY public.account_emailaddress (id, email, verified, "primary", user_id) FROM stdin;
\.


--
-- Data for Name: account_emailconfirmation; Type: TABLE DATA; Schema: public; Owner: postgres
--

COPY public.account_emailconfirmation (id, created, sent, key, email_address_id) FROM stdin;
\.


--
-- Data for Name: accounts_user; Type: TABLE DATA; Schema: public; Owner: postgres
--

COPY public.accounts_user (id, password, last_login, is_superuser, username, first_name, last_name, email, is_staff, is_active, date_joined, nickname) FROM stdin;
1	pbkdf2_sha256$600000$sXrSwsmC9ONg2px1u7LsnW$7aVc5/y/HWPPoWf7D1NDabUzPWS87M+n5Y1k/HPvLck=	2024-11-22 01:46:06.605251+09	f	test				f	t	2024-11-20 01:40:18.488956+09	
2	pbkdf2_sha256$600000$bMTp8p8FCMWQky5fqf21Ae$p/Tu9VRgkvskjc28FX64/DC6ZtxlvFFzMcLg1hjwj4o=	2024-11-22 01:57:20.275028+09	f	kyue				f	t	2024-11-22 01:49:21.288429+09	
\.


--
-- Data for Name: accounts_user_groups; Type: TABLE DATA; Schema: public; Owner: postgres
--

COPY public.accounts_user_groups (id, user_id, group_id) FROM stdin;
\.


--
-- Data for Name: accounts_user_user_permissions; Type: TABLE DATA; Schema: public; Owner: postgres
--

COPY public.accounts_user_user_permissions (id, user_id, permission_id) FROM stdin;
\.


--
-- Data for Name: auth_group; Type: TABLE DATA; Schema: public; Owner: postgres
--

COPY public.auth_group (id, name) FROM stdin;
\.


--
-- Data for Name: auth_group_permissions; Type: TABLE DATA; Schema: public; Owner: postgres
--

COPY public.auth_group_permissions (id, group_id, permission_id) FROM stdin;
\.


--
-- Data for Name: auth_permission; Type: TABLE DATA; Schema: public; Owner: postgres
--

COPY public.auth_permission (id, name, content_type_id, codename) FROM stdin;
1	Can add user	1	add_user
2	Can change user	1	change_user
3	Can delete user	1	delete_user
4	Can view user	1	view_user
5	Can add Token	2	add_token
6	Can change Token	2	change_token
7	Can delete Token	2	delete_token
8	Can view Token	2	view_token
9	Can add Token	3	add_tokenproxy
10	Can change Token	3	change_tokenproxy
11	Can delete Token	3	delete_tokenproxy
12	Can view Token	3	view_tokenproxy
13	Can add email address	4	add_emailaddress
14	Can change email address	4	change_emailaddress
15	Can delete email address	4	delete_emailaddress
16	Can view email address	4	view_emailaddress
17	Can add email confirmation	5	add_emailconfirmation
18	Can change email confirmation	5	change_emailconfirmation
19	Can delete email confirmation	5	delete_emailconfirmation
20	Can view email confirmation	5	view_emailconfirmation
21	Can add social account	6	add_socialaccount
22	Can change social account	6	change_socialaccount
23	Can delete social account	6	delete_socialaccount
24	Can view social account	6	view_socialaccount
25	Can add social application	7	add_socialapp
26	Can change social application	7	change_socialapp
27	Can delete social application	7	delete_socialapp
28	Can view social application	7	view_socialapp
29	Can add social application token	8	add_socialtoken
30	Can change social application token	8	change_socialtoken
31	Can delete social application token	8	delete_socialtoken
32	Can view social application token	8	view_socialtoken
33	Can add log entry	9	add_logentry
34	Can change log entry	9	change_logentry
35	Can delete log entry	9	delete_logentry
36	Can view log entry	9	view_logentry
37	Can add permission	10	add_permission
38	Can change permission	10	change_permission
39	Can delete permission	10	delete_permission
40	Can view permission	10	view_permission
41	Can add group	11	add_group
42	Can change group	11	change_group
43	Can delete group	11	delete_group
44	Can view group	11	view_group
45	Can add content type	12	add_contenttype
46	Can change content type	12	change_contenttype
47	Can delete content type	12	delete_contenttype
48	Can view content type	12	view_contenttype
49	Can add session	13	add_session
50	Can change session	13	change_session
51	Can delete session	13	delete_session
52	Can view session	13	view_session
53	Can add news article	14	add_newsarticle
54	Can change news article	14	change_newsarticle
55	Can delete news article	14	delete_newsarticle
56	Can view news article	14	view_newsarticle
86	Can add actor	47	add_actor
87	Can change actor	47	change_actor
88	Can delete actor	47	delete_actor
89	Can view actor	47	view_actor
90	Can add director	48	add_director
91	Can change director	48	change_director
92	Can delete director	48	delete_director
93	Can view director	48	view_director
94	Can add genre	49	add_genre
95	Can change genre	49	change_genre
96	Can delete genre	49	delete_genre
97	Can view genre	49	view_genre
98	Can add movie	50	add_movie
99	Can change movie	50	change_movie
100	Can delete movie	50	delete_movie
101	Can view movie	50	view_movie
\.


--
-- Data for Name: authtoken_token; Type: TABLE DATA; Schema: public; Owner: postgres
--

COPY public.authtoken_token (key, created, user_id) FROM stdin;
2c7cba8bdf2db027335ffb48eec5e59ef9f5f4af	2024-11-20 01:40:18.659454+09	1
45b9c9dbb32ecf5faa0665d935215575dc0f0fdb	2024-11-22 01:49:21.447222+09	2
\.


--
-- Data for Name: boards_newsarticle; Type: TABLE DATA; Schema: public; Owner: postgres
--

COPY public.boards_newsarticle (id, title, content, category, date, keywords, likes_count, views_count) FROM stdin;
3	첫 번째 뉴스 기사	이것은 첫 번째 뉴스 기사의 내용입니다.	NEWS	2024-11-20	첫 번째, 테스트, 뉴스	1	9
1	세 번째 뉴스 기사	이것은 세 번째 뉴스 기사의 내용입니다.	NEWS	2024-11-20	세 번째, 테스트, 뉴스	1	11
2	두 번째 뉴스 기사	이것은 두 번째 뉴스 기사의 내용입니다.	NEWS	2024-11-20	두 번째, 테스트, 뉴스	1	16
\.


--
-- Data for Name: boards_newsarticle_liked_users; Type: TABLE DATA; Schema: public; Owner: postgres
--

COPY public.boards_newsarticle_liked_users (id, newsarticle_id, user_id) FROM stdin;
5	3	1
6	1	1
14	2	2
\.


--
-- Data for Name: django_admin_log; Type: TABLE DATA; Schema: public; Owner: postgres
--

COPY public.django_admin_log (id, action_time, object_id, object_repr, action_flag, change_message, content_type_id, user_id) FROM stdin;
\.


--
-- Data for Name: django_content_type; Type: TABLE DATA; Schema: public; Owner: postgres
--

COPY public.django_content_type (id, app_label, model) FROM stdin;
1	accounts	user
2	authtoken	token
3	authtoken	tokenproxy
4	account	emailaddress
5	account	emailconfirmation
6	socialaccount	socialaccount
7	socialaccount	socialapp
8	socialaccount	socialtoken
9	admin	logentry
10	auth	permission
11	auth	group
12	contenttypes	contenttype
13	sessions	session
14	boards	newsarticle
47	movies	actor
48	movies	director
49	movies	genre
50	movies	movie
\.


--
-- Data for Name: django_migrations; Type: TABLE DATA; Schema: public; Owner: postgres
--

COPY public.django_migrations (id, app, name, applied) FROM stdin;
1	contenttypes	0001_initial	2024-11-20 01:01:52.550456+09
2	contenttypes	0002_remove_content_type_name	2024-11-20 01:01:52.556578+09
3	auth	0001_initial	2024-11-20 01:01:52.578846+09
4	auth	0002_alter_permission_name_max_length	2024-11-20 01:01:52.582279+09
5	auth	0003_alter_user_email_max_length	2024-11-20 01:01:52.585749+09
6	auth	0004_alter_user_username_opts	2024-11-20 01:01:52.589882+09
7	auth	0005_alter_user_last_login_null	2024-11-20 01:01:52.592473+09
8	auth	0006_require_contenttypes_0002	2024-11-20 01:01:52.593473+09
9	auth	0007_alter_validators_add_error_messages	2024-11-20 01:01:52.597596+09
10	auth	0008_alter_user_username_max_length	2024-11-20 01:01:52.600599+09
11	auth	0009_alter_user_last_name_max_length	2024-11-20 01:01:52.603596+09
12	auth	0010_alter_group_name_max_length	2024-11-20 01:01:52.608718+09
13	auth	0011_update_proxy_permissions	2024-11-20 01:01:52.611717+09
14	auth	0012_alter_user_first_name_max_length	2024-11-20 01:01:52.616407+09
15	accounts	0001_initial	2024-11-20 01:01:52.640351+09
16	account	0001_initial	2024-11-20 01:01:52.659893+09
17	account	0002_email_max_length	2024-11-20 01:01:52.665233+09
18	account	0003_alter_emailaddress_create_unique_verified_email	2024-11-20 01:01:52.676354+09
19	account	0004_alter_emailaddress_drop_unique_email	2024-11-20 01:01:52.686614+09
20	account	0005_emailaddress_idx_upper_email	2024-11-20 01:01:52.693614+09
21	account	0006_emailaddress_lower	2024-11-20 01:01:52.700618+09
22	account	0007_emailaddress_idx_email	2024-11-20 01:01:52.710726+09
23	account	0008_emailaddress_unique_primary_email_fixup	2024-11-20 01:01:52.718641+09
24	account	0009_emailaddress_unique_primary_email	2024-11-20 01:01:52.723643+09
25	admin	0001_initial	2024-11-20 01:01:52.735642+09
26	admin	0002_logentry_remove_auto_add	2024-11-20 01:01:52.74101+09
27	admin	0003_logentry_add_action_flag_choices	2024-11-20 01:01:52.745628+09
28	authtoken	0001_initial	2024-11-20 01:01:52.754512+09
29	authtoken	0002_auto_20160226_1747	2024-11-20 01:01:52.770677+09
30	authtoken	0003_tokenproxy	2024-11-20 01:01:52.772684+09
31	authtoken	0004_alter_tokenproxy_options	2024-11-20 01:01:52.775165+09
32	sessions	0001_initial	2024-11-20 01:01:52.782165+09
33	socialaccount	0001_initial	2024-11-20 01:01:52.819552+09
34	socialaccount	0002_token_max_lengths	2024-11-20 01:01:52.831674+09
35	socialaccount	0003_extra_data_default_dict	2024-11-20 01:01:52.83767+09
36	socialaccount	0004_app_provider_id_settings	2024-11-20 01:01:52.847776+09
37	socialaccount	0005_socialtoken_nullable_app	2024-11-20 01:01:52.859549+09
38	socialaccount	0006_alter_socialaccount_extra_data	2024-11-20 01:01:52.869677+09
39	boards	0001_initial	2024-11-20 22:06:13.712228+09
72	boards	0002_alter_newsarticle_category	2024-11-21 21:45:07.492723+09
73	boards	0003_newsarticle_url	2024-11-21 21:45:07.507817+09
74	movies	0001_initial	2024-11-21 21:45:07.56359+09
75	boards	0004_remove_newsarticle_url_newsarticle_liked_users_and_more	2024-11-22 01:14:04.612412+09
\.


--
-- Data for Name: django_session; Type: TABLE DATA; Schema: public; Owner: postgres
--

COPY public.django_session (session_key, session_data, expire_date) FROM stdin;
kej13fz7fdmt60ymrnobivfokzn2ksd5	.eJxVjMsOgyAUBf-FdUN4iIjL7v0GcoFLpaWQqHTT9N-riRu3M3POl4D3tZXNfnBJMWGw-IaUyVhazjdioW2zbSsuNgUyEk4uzIF_YTlEeEJ5VOpr2Zbk6JHQ0650qgHz_WwvBzOs875WRmCMnnnDOwPghNAadqKk6wdjfI8BmWZc8yiVjAI7lGIYesmkUzsjvz9Fb0MT:1tDRH0:E8ecRXbF2Bjju0UQqMr2KBXySMF664lDcMRD66ggh8U	2024-12-04 01:40:18.674579+09
3f7iewnjtdhbbsnthqow1dgtt9pmkjlc	.eJxVjMsOwiAUBf-FtSE8ysul-34DucBFqgaS0q6M_y5NutDtzJzzJh72rfi94-qXRK6Ek8svCxCfWA-RHlDvjcZWt3UJ9EjoaTudW8LX7Wz_Dgr0MtbKCcw5suj45ACCEMbAIEoGbZ2LGhMyw7jhWSqZBU4ohbVaMhnUYOTzBfEFN60:1tDRH3:SaCj0aiBBAsn013IMN1FNIWuqtZ9SVlvQRrTMxaDMDc	2024-12-04 01:40:21.026553+09
0iho55a0qrpggrglgz065uc4nxowv2ms	.eJxVjMsOwiAUBf-FtSE8ysul-34DucBFqgaS0q6M_y5NutDtzJzzJh72rfi94-qXRK6Ek8svCxCfWA-RHlDvjcZWt3UJ9EjoaTudW8LX7Wz_Dgr0MtbKCcw5suj45ACCEMbAIEoGbZ2LGhMyw7jhWSqZBU4ohbVaMhnUYOTzBfEFN60:1tDRHS:SU1gMjp2JSMkwTgLjqekdv52Fl7kmd17SEIFWEuZHjg	2024-12-04 01:40:46.362452+09
wulhwomxlm1i5fm9v4b613fvfntsn3lo	.eJxVjMsOwiAUBf-FtSE8ysul-34DucBFqgaS0q6M_y5NutDtzJzzJh72rfi94-qXRK6Ek8svCxCfWA-RHlDvjcZWt3UJ9EjoaTudW8LX7Wz_Dgr0MtbKCcw5suj45ACCEMbAIEoGbZ2LGhMyw7jhWSqZBU4ohbVaMhnUYOTzBfEFN60:1tDkPZ:fiiNjFvEaC2WHuECsRObJd88RokqTFPvL844iSWzRfk	2024-12-04 22:06:25.696117+09
ejwdh53xdm55mir3u6elom1xj87m0zyo	.eJxVjMsOwiAUBf-FtSE8ysul-34DucBFqgaS0q6M_y5NutDtzJzzJh72rfi94-qXRK6Ek8svCxCfWA-RHlDvjcZWt3UJ9EjoaTudW8LX7Wz_Dgr0MtbKCcw5suj45ACCEMbAIEoGbZ2LGhMyw7jhWSqZBU4ohbVaMhnUYOTzBfEFN60:1tDmmY:t2xNUQqoN09nnnvU9Xq5cJDWe42N6ecMYalYDP2sh5E	2024-12-05 00:38:18.986364+09
ax1a8uigy2e7kntn4vjt3pjd691yt0n9	.eJxVjMsOwiAUBf-FtSE8ysul-34DucBFqgaS0q6M_y5NutDtzJzzJh72rfi94-qXRK6Ek8svCxCfWA-RHlDvjcZWt3UJ9EjoaTudW8LX7Wz_Dgr0MtbKCcw5suj45ACCEMbAIEoGbZ2LGhMyw7jhWSqZBU4ohbVaMhnUYOTzBfEFN60:1tDnUl:8F31hoBDU6SSaVAtrYguWhFjHSUgO7g64cOQ744O05c	2024-12-05 01:23:59.583873+09
bil5c802uab3rwao0l87mkf8tdbpkevf	.eJxVjMsOwiAUBf-FtSE8ysul-34DucBFqgaS0q6M_y5NutDtzJzzJh72rfi94-qXRK6Ek8svCxCfWA-RHlDvjcZWt3UJ9EjoaTudW8LX7Wz_Dgr0MtbKCcw5suj45ACCEMbAIEoGbZ2LGhMyw7jhWSqZBU4ohbVaMhnUYOTzBfEFN60:1tE9xa:PZgAS6Z-UKwUXf3BEbKLGDA2qzmUSGmzsmm-2MD7xQ4	2024-12-06 01:23:14.614447+09
ezh5qyj3o0wo7xs1s2amsc9r1q87gmfm	.eJxVjMsOwiAUBf-FtSE8ysul-34DucBFqgaS0q6M_y5NutDtzJzzJh72rfi94-qXRK6Ek8svCxCfWA-RHlDvjcZWt3UJ9EjoaTudW8LX7Wz_Dgr0MtbKCcw5suj45ACCEMbAIEoGbZ2LGhMyw7jhWSqZBU4ohbVaMhnUYOTzBfEFN60:1tEA39:0AkjMtGcrG0tf2PMXabawXNzLgdG4CTmoWJ9ObBEMCY	2024-12-06 01:28:59.382049+09
uypc1s2pkis54gec6ac8xjgresx1nn0a	.eJxVjMsOwiAUBf-FtSE8ysul-34DucBFqgaS0q6M_y5NutDtzJzzJh72rfi94-qXRK6Ek8svCxCfWA-RHlDvjcZWt3UJ9EjoaTudW8LX7Wz_Dgr0MtbKCcw5suj45ACCEMbAIEoGbZ2LGhMyw7jhWSqZBU4ohbVaMhnUYOTzBfEFN60:1tEABR:c9Lr-7Jqo3fy4nqzxtvXiGeOxiJ_-xvs_YDfr-M7VD4	2024-12-06 01:37:33.369788+09
n86c3u33jtp1ndqi3aw1qw63qc1fsap7	.eJxVjMsOwiAUBf-FtSE8ysul-34DucBFqgaS0q6M_y5NutDtzJzzJh72rfi94-qXRK6Ek8svCxCfWA-RHlDvjcZWt3UJ9EjoaTudW8LX7Wz_Dgr0MtbKCcw5suj45ACCEMbAIEoGbZ2LGhMyw7jhWSqZBU4ohbVaMhnUYOTzBfEFN60:1tEABk:J_MjDjjoLjN5fxpOU41fN4Rg7VXAWsszxPs6p3Qzljk	2024-12-06 01:37:52.758925+09
b3naq8gx1v9jnv05dg5xrzo3yltiv3pt	.eJxVjMsOwiAUBf-FtSE8ysul-34DucBFqgaS0q6M_y5NutDtzJzzJh72rfi94-qXRK6Ek8svCxCfWA-RHlDvjcZWt3UJ9EjoaTudW8LX7Wz_Dgr0MtbKCcw5suj45ACCEMbAIEoGbZ2LGhMyw7jhWSqZBU4ohbVaMhnUYOTzBfEFN60:1tEAJi:hbz72uTOl9UtGkIo4S4EiePGquDK7eN652gR-5Eczq8	2024-12-06 01:46:06.60598+09
yrldwvyis1nnmgk2ti337qe50np99jj3	.eJxVjDsOwyAQBe-ydYQw2LB2mT5nQMsvJiEg2SZNlLsnlty4fTPzPkDO1VY28w5Liil4E16UMkyl5XwBQ22bTVvDYpKHCQScNkvuGcoO_IPKvTJXy7Yky3aFHXRlt-pDvh7u6WCmdf7XEgWh7dDGEbm3EkfiONDokXMe-CBQEte6U1FprVH3UqJTcUAvsEPZw_cHDwpBpQ:1tEAMr:fIC48lzdASHA0Lyjwjqtsqd-VElF1hwMD3rmtUdTl3k	2024-12-06 01:49:21.463986+09
w23qozkrj7ixeazjecxedj95az0wmrjw	.eJxVjDsOwjAUBO_iGlkvdmKvKek5g_X8wwHkSPlUiLtDpBTQ7szsS3je1uq3Jc9-TOIslDj9boHjI7cdpDu32yTj1NZ5DHJX5EEXeZ1Sfl4O9--g8lK_tYZihA6hOFAKGo4JA7sEIso0KGgmaztTjLUWttca0ZQBSaGD7sX7A7qgNj8:1tEAMu:R9nA6ERQkQH86aS_d7ib2K9PJlJw3TflwOVH6k1cQx8	2024-12-06 01:49:24.871371+09
fwbsoje4emw823wjq7o2buw1k0e5a2su	.eJxVjDsOwjAUBO_iGlkvdmKvKek5g_X8wwHkSPlUiLtDpBTQ7szsS3je1uq3Jc9-TOIslDj9boHjI7cdpDu32yTj1NZ5DHJX5EEXeZ1Sfl4O9--g8lK_tYZihA6hOFAKGo4JA7sEIso0KGgmaztTjLUWttca0ZQBSaGD7sX7A7qgNj8:1tEAUa:6dUphhENjDXaYf-PComQze2OtziAPnDuWT-MK7e3D-0	2024-12-06 01:57:20.275773+09
\.


--
-- Data for Name: movies_actor; Type: TABLE DATA; Schema: public; Owner: postgres
--

COPY public.movies_actor (id, tmdb_id, name, "character") FROM stdin;
\.


--
-- Data for Name: movies_director; Type: TABLE DATA; Schema: public; Owner: postgres
--

COPY public.movies_director (id, tmdb_id, name) FROM stdin;
\.


--
-- Data for Name: movies_genre; Type: TABLE DATA; Schema: public; Owner: postgres
--

COPY public.movies_genre (id, tmdb_id, name) FROM stdin;
\.


--
-- Data for Name: movies_movie; Type: TABLE DATA; Schema: public; Owner: postgres
--

COPY public.movies_movie (id, tmdb_id, title, overview, release_date, popularity, vote_average, vote_count, poster_path, backdrop_path) FROM stdin;
\.


--
-- Data for Name: movies_movie_actors; Type: TABLE DATA; Schema: public; Owner: postgres
--

COPY public.movies_movie_actors (id, movie_id, actor_id) FROM stdin;
\.


--
-- Data for Name: movies_movie_directors; Type: TABLE DATA; Schema: public; Owner: postgres
--

COPY public.movies_movie_directors (id, movie_id, director_id) FROM stdin;
\.


--
-- Data for Name: movies_movie_genres; Type: TABLE DATA; Schema: public; Owner: postgres
--

COPY public.movies_movie_genres (id, movie_id, genre_id) FROM stdin;
\.


--
-- Data for Name: socialaccount_socialaccount; Type: TABLE DATA; Schema: public; Owner: postgres
--

COPY public.socialaccount_socialaccount (id, provider, uid, last_login, date_joined, extra_data, user_id) FROM stdin;
\.


--
-- Data for Name: socialaccount_socialapp; Type: TABLE DATA; Schema: public; Owner: postgres
--

COPY public.socialaccount_socialapp (id, provider, name, client_id, secret, key, provider_id, settings) FROM stdin;
\.


--
-- Data for Name: socialaccount_socialtoken; Type: TABLE DATA; Schema: public; Owner: postgres
--

COPY public.socialaccount_socialtoken (id, token, token_secret, expires_at, account_id, app_id) FROM stdin;
\.


--
-- Name: account_emailaddress_id_seq; Type: SEQUENCE SET; Schema: public; Owner: postgres
--

SELECT pg_catalog.setval('public.account_emailaddress_id_seq', 1, false);


--
-- Name: account_emailconfirmation_id_seq; Type: SEQUENCE SET; Schema: public; Owner: postgres
--

SELECT pg_catalog.setval('public.account_emailconfirmation_id_seq', 1, false);


--
-- Name: accounts_user_groups_id_seq; Type: SEQUENCE SET; Schema: public; Owner: postgres
--

SELECT pg_catalog.setval('public.accounts_user_groups_id_seq', 1, false);


--
-- Name: accounts_user_id_seq; Type: SEQUENCE SET; Schema: public; Owner: postgres
--

SELECT pg_catalog.setval('public.accounts_user_id_seq', 2, true);


--
-- Name: accounts_user_user_permissions_id_seq; Type: SEQUENCE SET; Schema: public; Owner: postgres
--

SELECT pg_catalog.setval('public.accounts_user_user_permissions_id_seq', 1, false);


--
-- Name: auth_group_id_seq; Type: SEQUENCE SET; Schema: public; Owner: postgres
--

SELECT pg_catalog.setval('public.auth_group_id_seq', 1, false);


--
-- Name: auth_group_permissions_id_seq; Type: SEQUENCE SET; Schema: public; Owner: postgres
--

SELECT pg_catalog.setval('public.auth_group_permissions_id_seq', 1, false);


--
-- Name: auth_permission_id_seq; Type: SEQUENCE SET; Schema: public; Owner: postgres
--

SELECT pg_catalog.setval('public.auth_permission_id_seq', 101, true);


--
-- Name: boards_newsarticle_id_seq; Type: SEQUENCE SET; Schema: public; Owner: postgres
--

SELECT pg_catalog.setval('public.boards_newsarticle_id_seq', 3, true);


--
-- Name: boards_newsarticle_liked_users_id_seq; Type: SEQUENCE SET; Schema: public; Owner: postgres
--

SELECT pg_catalog.setval('public.boards_newsarticle_liked_users_id_seq', 14, true);


--
-- Name: django_admin_log_id_seq; Type: SEQUENCE SET; Schema: public; Owner: postgres
--

SELECT pg_catalog.setval('public.django_admin_log_id_seq', 1, false);


--
-- Name: django_content_type_id_seq; Type: SEQUENCE SET; Schema: public; Owner: postgres
--

SELECT pg_catalog.setval('public.django_content_type_id_seq', 50, true);


--
-- Name: django_migrations_id_seq; Type: SEQUENCE SET; Schema: public; Owner: postgres
--

SELECT pg_catalog.setval('public.django_migrations_id_seq', 75, true);


--
-- Name: movies_actor_id_seq; Type: SEQUENCE SET; Schema: public; Owner: postgres
--

SELECT pg_catalog.setval('public.movies_actor_id_seq', 1, false);


--
-- Name: movies_director_id_seq; Type: SEQUENCE SET; Schema: public; Owner: postgres
--

SELECT pg_catalog.setval('public.movies_director_id_seq', 1, false);


--
-- Name: movies_genre_id_seq; Type: SEQUENCE SET; Schema: public; Owner: postgres
--

SELECT pg_catalog.setval('public.movies_genre_id_seq', 1, false);


--
-- Name: movies_movie_actors_id_seq; Type: SEQUENCE SET; Schema: public; Owner: postgres
--

SELECT pg_catalog.setval('public.movies_movie_actors_id_seq', 1, false);


--
-- Name: movies_movie_directors_id_seq; Type: SEQUENCE SET; Schema: public; Owner: postgres
--

SELECT pg_catalog.setval('public.movies_movie_directors_id_seq', 1, false);


--
-- Name: movies_movie_genres_id_seq; Type: SEQUENCE SET; Schema: public; Owner: postgres
--

SELECT pg_catalog.setval('public.movies_movie_genres_id_seq', 1, false);


--
-- Name: movies_movie_id_seq; Type: SEQUENCE SET; Schema: public; Owner: postgres
--

SELECT pg_catalog.setval('public.movies_movie_id_seq', 1, false);


--
-- Name: socialaccount_socialaccount_id_seq; Type: SEQUENCE SET; Schema: public; Owner: postgres
--

SELECT pg_catalog.setval('public.socialaccount_socialaccount_id_seq', 1, false);


--
-- Name: socialaccount_socialapp_id_seq; Type: SEQUENCE SET; Schema: public; Owner: postgres
--

SELECT pg_catalog.setval('public.socialaccount_socialapp_id_seq', 1, false);


--
-- Name: socialaccount_socialtoken_id_seq; Type: SEQUENCE SET; Schema: public; Owner: postgres
--

SELECT pg_catalog.setval('public.socialaccount_socialtoken_id_seq', 1, false);


--
-- Name: account_emailaddress account_emailaddress_pkey; Type: CONSTRAINT; Schema: public; Owner: postgres
--

ALTER TABLE ONLY public.account_emailaddress
    ADD CONSTRAINT account_emailaddress_pkey PRIMARY KEY (id);


--
-- Name: account_emailaddress account_emailaddress_user_id_email_987c8728_uniq; Type: CONSTRAINT; Schema: public; Owner: postgres
--

ALTER TABLE ONLY public.account_emailaddress
    ADD CONSTRAINT account_emailaddress_user_id_email_987c8728_uniq UNIQUE (user_id, email);


--
-- Name: account_emailconfirmation account_emailconfirmation_key_key; Type: CONSTRAINT; Schema: public; Owner: postgres
--

ALTER TABLE ONLY public.account_emailconfirmation
    ADD CONSTRAINT account_emailconfirmation_key_key UNIQUE (key);


--
-- Name: account_emailconfirmation account_emailconfirmation_pkey; Type: CONSTRAINT; Schema: public; Owner: postgres
--

ALTER TABLE ONLY public.account_emailconfirmation
    ADD CONSTRAINT account_emailconfirmation_pkey PRIMARY KEY (id);


--
-- Name: accounts_user_groups accounts_user_groups_pkey; Type: CONSTRAINT; Schema: public; Owner: postgres
--

ALTER TABLE ONLY public.accounts_user_groups
    ADD CONSTRAINT accounts_user_groups_pkey PRIMARY KEY (id);


--
-- Name: accounts_user_groups accounts_user_groups_user_id_group_id_59c0b32f_uniq; Type: CONSTRAINT; Schema: public; Owner: postgres
--

ALTER TABLE ONLY public.accounts_user_groups
    ADD CONSTRAINT accounts_user_groups_user_id_group_id_59c0b32f_uniq UNIQUE (user_id, group_id);


--
-- Name: accounts_user accounts_user_pkey; Type: CONSTRAINT; Schema: public; Owner: postgres
--

ALTER TABLE ONLY public.accounts_user
    ADD CONSTRAINT accounts_user_pkey PRIMARY KEY (id);


--
-- Name: accounts_user_user_permissions accounts_user_user_permi_user_id_permission_id_2ab516c2_uniq; Type: CONSTRAINT; Schema: public; Owner: postgres
--

ALTER TABLE ONLY public.accounts_user_user_permissions
    ADD CONSTRAINT accounts_user_user_permi_user_id_permission_id_2ab516c2_uniq UNIQUE (user_id, permission_id);


--
-- Name: accounts_user_user_permissions accounts_user_user_permissions_pkey; Type: CONSTRAINT; Schema: public; Owner: postgres
--

ALTER TABLE ONLY public.accounts_user_user_permissions
    ADD CONSTRAINT accounts_user_user_permissions_pkey PRIMARY KEY (id);


--
-- Name: accounts_user accounts_user_username_key; Type: CONSTRAINT; Schema: public; Owner: postgres
--

ALTER TABLE ONLY public.accounts_user
    ADD CONSTRAINT accounts_user_username_key UNIQUE (username);


--
-- Name: auth_group auth_group_name_key; Type: CONSTRAINT; Schema: public; Owner: postgres
--

ALTER TABLE ONLY public.auth_group
    ADD CONSTRAINT auth_group_name_key UNIQUE (name);


--
-- Name: auth_group_permissions auth_group_permissions_group_id_permission_id_0cd325b0_uniq; Type: CONSTRAINT; Schema: public; Owner: postgres
--

ALTER TABLE ONLY public.auth_group_permissions
    ADD CONSTRAINT auth_group_permissions_group_id_permission_id_0cd325b0_uniq UNIQUE (group_id, permission_id);


--
-- Name: auth_group_permissions auth_group_permissions_pkey; Type: CONSTRAINT; Schema: public; Owner: postgres
--

ALTER TABLE ONLY public.auth_group_permissions
    ADD CONSTRAINT auth_group_permissions_pkey PRIMARY KEY (id);


--
-- Name: auth_group auth_group_pkey; Type: CONSTRAINT; Schema: public; Owner: postgres
--

ALTER TABLE ONLY public.auth_group
    ADD CONSTRAINT auth_group_pkey PRIMARY KEY (id);


--
-- Name: auth_permission auth_permission_content_type_id_codename_01ab375a_uniq; Type: CONSTRAINT; Schema: public; Owner: postgres
--

ALTER TABLE ONLY public.auth_permission
    ADD CONSTRAINT auth_permission_content_type_id_codename_01ab375a_uniq UNIQUE (content_type_id, codename);


--
-- Name: auth_permission auth_permission_pkey; Type: CONSTRAINT; Schema: public; Owner: postgres
--

ALTER TABLE ONLY public.auth_permission
    ADD CONSTRAINT auth_permission_pkey PRIMARY KEY (id);


--
-- Name: authtoken_token authtoken_token_pkey; Type: CONSTRAINT; Schema: public; Owner: postgres
--

ALTER TABLE ONLY public.authtoken_token
    ADD CONSTRAINT authtoken_token_pkey PRIMARY KEY (key);


--
-- Name: authtoken_token authtoken_token_user_id_key; Type: CONSTRAINT; Schema: public; Owner: postgres
--

ALTER TABLE ONLY public.authtoken_token
    ADD CONSTRAINT authtoken_token_user_id_key UNIQUE (user_id);


--
-- Name: boards_newsarticle_liked_users boards_newsarticle_liked_newsarticle_id_user_id_0f82079e_uniq; Type: CONSTRAINT; Schema: public; Owner: postgres
--

ALTER TABLE ONLY public.boards_newsarticle_liked_users
    ADD CONSTRAINT boards_newsarticle_liked_newsarticle_id_user_id_0f82079e_uniq UNIQUE (newsarticle_id, user_id);


--
-- Name: boards_newsarticle_liked_users boards_newsarticle_liked_users_pkey; Type: CONSTRAINT; Schema: public; Owner: postgres
--

ALTER TABLE ONLY public.boards_newsarticle_liked_users
    ADD CONSTRAINT boards_newsarticle_liked_users_pkey PRIMARY KEY (id);


--
-- Name: boards_newsarticle boards_newsarticle_pkey; Type: CONSTRAINT; Schema: public; Owner: postgres
--

ALTER TABLE ONLY public.boards_newsarticle
    ADD CONSTRAINT boards_newsarticle_pkey PRIMARY KEY (id);


--
-- Name: django_admin_log django_admin_log_pkey; Type: CONSTRAINT; Schema: public; Owner: postgres
--

ALTER TABLE ONLY public.django_admin_log
    ADD CONSTRAINT django_admin_log_pkey PRIMARY KEY (id);


--
-- Name: django_content_type django_content_type_app_label_model_76bd3d3b_uniq; Type: CONSTRAINT; Schema: public; Owner: postgres
--

ALTER TABLE ONLY public.django_content_type
    ADD CONSTRAINT django_content_type_app_label_model_76bd3d3b_uniq UNIQUE (app_label, model);


--
-- Name: django_content_type django_content_type_pkey; Type: CONSTRAINT; Schema: public; Owner: postgres
--

ALTER TABLE ONLY public.django_content_type
    ADD CONSTRAINT django_content_type_pkey PRIMARY KEY (id);


--
-- Name: django_migrations django_migrations_pkey; Type: CONSTRAINT; Schema: public; Owner: postgres
--

ALTER TABLE ONLY public.django_migrations
    ADD CONSTRAINT django_migrations_pkey PRIMARY KEY (id);


--
-- Name: django_session django_session_pkey; Type: CONSTRAINT; Schema: public; Owner: postgres
--

ALTER TABLE ONLY public.django_session
    ADD CONSTRAINT django_session_pkey PRIMARY KEY (session_key);


--
-- Name: movies_actor movies_actor_pkey; Type: CONSTRAINT; Schema: public; Owner: postgres
--

ALTER TABLE ONLY public.movies_actor
    ADD CONSTRAINT movies_actor_pkey PRIMARY KEY (id);


--
-- Name: movies_actor movies_actor_tmdb_id_key; Type: CONSTRAINT; Schema: public; Owner: postgres
--

ALTER TABLE ONLY public.movies_actor
    ADD CONSTRAINT movies_actor_tmdb_id_key UNIQUE (tmdb_id);


--
-- Name: movies_director movies_director_pkey; Type: CONSTRAINT; Schema: public; Owner: postgres
--

ALTER TABLE ONLY public.movies_director
    ADD CONSTRAINT movies_director_pkey PRIMARY KEY (id);


--
-- Name: movies_director movies_director_tmdb_id_key; Type: CONSTRAINT; Schema: public; Owner: postgres
--

ALTER TABLE ONLY public.movies_director
    ADD CONSTRAINT movies_director_tmdb_id_key UNIQUE (tmdb_id);


--
-- Name: movies_genre movies_genre_pkey; Type: CONSTRAINT; Schema: public; Owner: postgres
--

ALTER TABLE ONLY public.movies_genre
    ADD CONSTRAINT movies_genre_pkey PRIMARY KEY (id);


--
-- Name: movies_genre movies_genre_tmdb_id_key; Type: CONSTRAINT; Schema: public; Owner: postgres
--

ALTER TABLE ONLY public.movies_genre
    ADD CONSTRAINT movies_genre_tmdb_id_key UNIQUE (tmdb_id);


--
-- Name: movies_movie_actors movies_movie_actors_movie_id_actor_id_73463e17_uniq; Type: CONSTRAINT; Schema: public; Owner: postgres
--

ALTER TABLE ONLY public.movies_movie_actors
    ADD CONSTRAINT movies_movie_actors_movie_id_actor_id_73463e17_uniq UNIQUE (movie_id, actor_id);


--
-- Name: movies_movie_actors movies_movie_actors_pkey; Type: CONSTRAINT; Schema: public; Owner: postgres
--

ALTER TABLE ONLY public.movies_movie_actors
    ADD CONSTRAINT movies_movie_actors_pkey PRIMARY KEY (id);


--
-- Name: movies_movie_directors movies_movie_directors_movie_id_director_id_eb887327_uniq; Type: CONSTRAINT; Schema: public; Owner: postgres
--

ALTER TABLE ONLY public.movies_movie_directors
    ADD CONSTRAINT movies_movie_directors_movie_id_director_id_eb887327_uniq UNIQUE (movie_id, director_id);


--
-- Name: movies_movie_directors movies_movie_directors_pkey; Type: CONSTRAINT; Schema: public; Owner: postgres
--

ALTER TABLE ONLY public.movies_movie_directors
    ADD CONSTRAINT movies_movie_directors_pkey PRIMARY KEY (id);


--
-- Name: movies_movie_genres movies_movie_genres_movie_id_genre_id_5ff3c723_uniq; Type: CONSTRAINT; Schema: public; Owner: postgres
--

ALTER TABLE ONLY public.movies_movie_genres
    ADD CONSTRAINT movies_movie_genres_movie_id_genre_id_5ff3c723_uniq UNIQUE (movie_id, genre_id);


--
-- Name: movies_movie_genres movies_movie_genres_pkey; Type: CONSTRAINT; Schema: public; Owner: postgres
--

ALTER TABLE ONLY public.movies_movie_genres
    ADD CONSTRAINT movies_movie_genres_pkey PRIMARY KEY (id);


--
-- Name: movies_movie movies_movie_pkey; Type: CONSTRAINT; Schema: public; Owner: postgres
--

ALTER TABLE ONLY public.movies_movie
    ADD CONSTRAINT movies_movie_pkey PRIMARY KEY (id);


--
-- Name: movies_movie movies_movie_tmdb_id_key; Type: CONSTRAINT; Schema: public; Owner: postgres
--

ALTER TABLE ONLY public.movies_movie
    ADD CONSTRAINT movies_movie_tmdb_id_key UNIQUE (tmdb_id);


--
-- Name: socialaccount_socialaccount socialaccount_socialaccount_pkey; Type: CONSTRAINT; Schema: public; Owner: postgres
--

ALTER TABLE ONLY public.socialaccount_socialaccount
    ADD CONSTRAINT socialaccount_socialaccount_pkey PRIMARY KEY (id);


--
-- Name: socialaccount_socialaccount socialaccount_socialaccount_provider_uid_fc810c6e_uniq; Type: CONSTRAINT; Schema: public; Owner: postgres
--

ALTER TABLE ONLY public.socialaccount_socialaccount
    ADD CONSTRAINT socialaccount_socialaccount_provider_uid_fc810c6e_uniq UNIQUE (provider, uid);


--
-- Name: socialaccount_socialapp socialaccount_socialapp_pkey; Type: CONSTRAINT; Schema: public; Owner: postgres
--

ALTER TABLE ONLY public.socialaccount_socialapp
    ADD CONSTRAINT socialaccount_socialapp_pkey PRIMARY KEY (id);


--
-- Name: socialaccount_socialtoken socialaccount_socialtoken_app_id_account_id_fca4e0ac_uniq; Type: CONSTRAINT; Schema: public; Owner: postgres
--

ALTER TABLE ONLY public.socialaccount_socialtoken
    ADD CONSTRAINT socialaccount_socialtoken_app_id_account_id_fca4e0ac_uniq UNIQUE (app_id, account_id);


--
-- Name: socialaccount_socialtoken socialaccount_socialtoken_pkey; Type: CONSTRAINT; Schema: public; Owner: postgres
--

ALTER TABLE ONLY public.socialaccount_socialtoken
    ADD CONSTRAINT socialaccount_socialtoken_pkey PRIMARY KEY (id);


--
-- Name: account_emailaddress_email_03be32b2; Type: INDEX; Schema: public; Owner: postgres
--

CREATE INDEX account_emailaddress_email_03be32b2 ON public.account_emailaddress USING btree (email);


--
-- Name: account_emailaddress_email_03be32b2_like; Type: INDEX; Schema: public; Owner: postgres
--

CREATE INDEX account_emailaddress_email_03be32b2_like ON public.account_emailaddress USING btree (email varchar_pattern_ops);


--
-- Name: account_emailaddress_user_id_2c513194; Type: INDEX; Schema: public; Owner: postgres
--

CREATE INDEX account_emailaddress_user_id_2c513194 ON public.account_emailaddress USING btree (user_id);


--
-- Name: account_emailconfirmation_email_address_id_5b7f8c58; Type: INDEX; Schema: public; Owner: postgres
--

CREATE INDEX account_emailconfirmation_email_address_id_5b7f8c58 ON public.account_emailconfirmation USING btree (email_address_id);


--
-- Name: account_emailconfirmation_key_f43612bd_like; Type: INDEX; Schema: public; Owner: postgres
--

CREATE INDEX account_emailconfirmation_key_f43612bd_like ON public.account_emailconfirmation USING btree (key varchar_pattern_ops);


--
-- Name: accounts_user_groups_group_id_bd11a704; Type: INDEX; Schema: public; Owner: postgres
--

CREATE INDEX accounts_user_groups_group_id_bd11a704 ON public.accounts_user_groups USING btree (group_id);


--
-- Name: accounts_user_groups_user_id_52b62117; Type: INDEX; Schema: public; Owner: postgres
--

CREATE INDEX accounts_user_groups_user_id_52b62117 ON public.accounts_user_groups USING btree (user_id);


--
-- Name: accounts_user_user_permissions_permission_id_113bb443; Type: INDEX; Schema: public; Owner: postgres
--

CREATE INDEX accounts_user_user_permissions_permission_id_113bb443 ON public.accounts_user_user_permissions USING btree (permission_id);


--
-- Name: accounts_user_user_permissions_user_id_e4f0a161; Type: INDEX; Schema: public; Owner: postgres
--

CREATE INDEX accounts_user_user_permissions_user_id_e4f0a161 ON public.accounts_user_user_permissions USING btree (user_id);


--
-- Name: accounts_user_username_6088629e_like; Type: INDEX; Schema: public; Owner: postgres
--

CREATE INDEX accounts_user_username_6088629e_like ON public.accounts_user USING btree (username varchar_pattern_ops);


--
-- Name: auth_group_name_a6ea08ec_like; Type: INDEX; Schema: public; Owner: postgres
--

CREATE INDEX auth_group_name_a6ea08ec_like ON public.auth_group USING btree (name varchar_pattern_ops);


--
-- Name: auth_group_permissions_group_id_b120cbf9; Type: INDEX; Schema: public; Owner: postgres
--

CREATE INDEX auth_group_permissions_group_id_b120cbf9 ON public.auth_group_permissions USING btree (group_id);


--
-- Name: auth_group_permissions_permission_id_84c5c92e; Type: INDEX; Schema: public; Owner: postgres
--

CREATE INDEX auth_group_permissions_permission_id_84c5c92e ON public.auth_group_permissions USING btree (permission_id);


--
-- Name: auth_permission_content_type_id_2f476e4b; Type: INDEX; Schema: public; Owner: postgres
--

CREATE INDEX auth_permission_content_type_id_2f476e4b ON public.auth_permission USING btree (content_type_id);


--
-- Name: authtoken_token_key_10f0b77e_like; Type: INDEX; Schema: public; Owner: postgres
--

CREATE INDEX authtoken_token_key_10f0b77e_like ON public.authtoken_token USING btree (key varchar_pattern_ops);


--
-- Name: boards_newsarticle_liked_users_newsarticle_id_0e3f7037; Type: INDEX; Schema: public; Owner: postgres
--

CREATE INDEX boards_newsarticle_liked_users_newsarticle_id_0e3f7037 ON public.boards_newsarticle_liked_users USING btree (newsarticle_id);


--
-- Name: boards_newsarticle_liked_users_user_id_640cc473; Type: INDEX; Schema: public; Owner: postgres
--

CREATE INDEX boards_newsarticle_liked_users_user_id_640cc473 ON public.boards_newsarticle_liked_users USING btree (user_id);


--
-- Name: django_admin_log_content_type_id_c4bce8eb; Type: INDEX; Schema: public; Owner: postgres
--

CREATE INDEX django_admin_log_content_type_id_c4bce8eb ON public.django_admin_log USING btree (content_type_id);


--
-- Name: django_admin_log_user_id_c564eba6; Type: INDEX; Schema: public; Owner: postgres
--

CREATE INDEX django_admin_log_user_id_c564eba6 ON public.django_admin_log USING btree (user_id);


--
-- Name: django_session_expire_date_a5c62663; Type: INDEX; Schema: public; Owner: postgres
--

CREATE INDEX django_session_expire_date_a5c62663 ON public.django_session USING btree (expire_date);


--
-- Name: django_session_session_key_c0390e0f_like; Type: INDEX; Schema: public; Owner: postgres
--

CREATE INDEX django_session_session_key_c0390e0f_like ON public.django_session USING btree (session_key varchar_pattern_ops);


--
-- Name: movies_movie_actors_actor_id_44828aa1; Type: INDEX; Schema: public; Owner: postgres
--

CREATE INDEX movies_movie_actors_actor_id_44828aa1 ON public.movies_movie_actors USING btree (actor_id);


--
-- Name: movies_movie_actors_movie_id_baed65f3; Type: INDEX; Schema: public; Owner: postgres
--

CREATE INDEX movies_movie_actors_movie_id_baed65f3 ON public.movies_movie_actors USING btree (movie_id);


--
-- Name: movies_movie_directors_director_id_9cddcb44; Type: INDEX; Schema: public; Owner: postgres
--

CREATE INDEX movies_movie_directors_director_id_9cddcb44 ON public.movies_movie_directors USING btree (director_id);


--
-- Name: movies_movie_directors_movie_id_7f54bd58; Type: INDEX; Schema: public; Owner: postgres
--

CREATE INDEX movies_movie_directors_movie_id_7f54bd58 ON public.movies_movie_directors USING btree (movie_id);


--
-- Name: movies_movie_genres_genre_id_c3609db2; Type: INDEX; Schema: public; Owner: postgres
--

CREATE INDEX movies_movie_genres_genre_id_c3609db2 ON public.movies_movie_genres USING btree (genre_id);


--
-- Name: movies_movie_genres_movie_id_ff5e55a1; Type: INDEX; Schema: public; Owner: postgres
--

CREATE INDEX movies_movie_genres_movie_id_ff5e55a1 ON public.movies_movie_genres USING btree (movie_id);


--
-- Name: socialaccount_socialaccount_user_id_8146e70c; Type: INDEX; Schema: public; Owner: postgres
--

CREATE INDEX socialaccount_socialaccount_user_id_8146e70c ON public.socialaccount_socialaccount USING btree (user_id);


--
-- Name: socialaccount_socialtoken_account_id_951f210e; Type: INDEX; Schema: public; Owner: postgres
--

CREATE INDEX socialaccount_socialtoken_account_id_951f210e ON public.socialaccount_socialtoken USING btree (account_id);


--
-- Name: socialaccount_socialtoken_app_id_636a42d7; Type: INDEX; Schema: public; Owner: postgres
--

CREATE INDEX socialaccount_socialtoken_app_id_636a42d7 ON public.socialaccount_socialtoken USING btree (app_id);


--
-- Name: unique_primary_email; Type: INDEX; Schema: public; Owner: postgres
--

CREATE UNIQUE INDEX unique_primary_email ON public.account_emailaddress USING btree (user_id, "primary") WHERE "primary";


--
-- Name: unique_verified_email; Type: INDEX; Schema: public; Owner: postgres
--

CREATE UNIQUE INDEX unique_verified_email ON public.account_emailaddress USING btree (email) WHERE verified;


--
-- Name: account_emailaddress account_emailaddress_user_id_2c513194_fk_accounts_user_id; Type: FK CONSTRAINT; Schema: public; Owner: postgres
--

ALTER TABLE ONLY public.account_emailaddress
    ADD CONSTRAINT account_emailaddress_user_id_2c513194_fk_accounts_user_id FOREIGN KEY (user_id) REFERENCES public.accounts_user(id) DEFERRABLE INITIALLY DEFERRED;


--
-- Name: account_emailconfirmation account_emailconfirm_email_address_id_5b7f8c58_fk_account_e; Type: FK CONSTRAINT; Schema: public; Owner: postgres
--

ALTER TABLE ONLY public.account_emailconfirmation
    ADD CONSTRAINT account_emailconfirm_email_address_id_5b7f8c58_fk_account_e FOREIGN KEY (email_address_id) REFERENCES public.account_emailaddress(id) DEFERRABLE INITIALLY DEFERRED;


--
-- Name: accounts_user_groups accounts_user_groups_group_id_bd11a704_fk_auth_group_id; Type: FK CONSTRAINT; Schema: public; Owner: postgres
--

ALTER TABLE ONLY public.accounts_user_groups
    ADD CONSTRAINT accounts_user_groups_group_id_bd11a704_fk_auth_group_id FOREIGN KEY (group_id) REFERENCES public.auth_group(id) DEFERRABLE INITIALLY DEFERRED;


--
-- Name: accounts_user_groups accounts_user_groups_user_id_52b62117_fk_accounts_user_id; Type: FK CONSTRAINT; Schema: public; Owner: postgres
--

ALTER TABLE ONLY public.accounts_user_groups
    ADD CONSTRAINT accounts_user_groups_user_id_52b62117_fk_accounts_user_id FOREIGN KEY (user_id) REFERENCES public.accounts_user(id) DEFERRABLE INITIALLY DEFERRED;


--
-- Name: accounts_user_user_permissions accounts_user_user_p_permission_id_113bb443_fk_auth_perm; Type: FK CONSTRAINT; Schema: public; Owner: postgres
--

ALTER TABLE ONLY public.accounts_user_user_permissions
    ADD CONSTRAINT accounts_user_user_p_permission_id_113bb443_fk_auth_perm FOREIGN KEY (permission_id) REFERENCES public.auth_permission(id) DEFERRABLE INITIALLY DEFERRED;


--
-- Name: accounts_user_user_permissions accounts_user_user_p_user_id_e4f0a161_fk_accounts_; Type: FK CONSTRAINT; Schema: public; Owner: postgres
--

ALTER TABLE ONLY public.accounts_user_user_permissions
    ADD CONSTRAINT accounts_user_user_p_user_id_e4f0a161_fk_accounts_ FOREIGN KEY (user_id) REFERENCES public.accounts_user(id) DEFERRABLE INITIALLY DEFERRED;


--
-- Name: auth_group_permissions auth_group_permissio_permission_id_84c5c92e_fk_auth_perm; Type: FK CONSTRAINT; Schema: public; Owner: postgres
--

ALTER TABLE ONLY public.auth_group_permissions
    ADD CONSTRAINT auth_group_permissio_permission_id_84c5c92e_fk_auth_perm FOREIGN KEY (permission_id) REFERENCES public.auth_permission(id) DEFERRABLE INITIALLY DEFERRED;


--
-- Name: auth_group_permissions auth_group_permissions_group_id_b120cbf9_fk_auth_group_id; Type: FK CONSTRAINT; Schema: public; Owner: postgres
--

ALTER TABLE ONLY public.auth_group_permissions
    ADD CONSTRAINT auth_group_permissions_group_id_b120cbf9_fk_auth_group_id FOREIGN KEY (group_id) REFERENCES public.auth_group(id) DEFERRABLE INITIALLY DEFERRED;


--
-- Name: auth_permission auth_permission_content_type_id_2f476e4b_fk_django_co; Type: FK CONSTRAINT; Schema: public; Owner: postgres
--

ALTER TABLE ONLY public.auth_permission
    ADD CONSTRAINT auth_permission_content_type_id_2f476e4b_fk_django_co FOREIGN KEY (content_type_id) REFERENCES public.django_content_type(id) DEFERRABLE INITIALLY DEFERRED;


--
-- Name: authtoken_token authtoken_token_user_id_35299eff_fk_accounts_user_id; Type: FK CONSTRAINT; Schema: public; Owner: postgres
--

ALTER TABLE ONLY public.authtoken_token
    ADD CONSTRAINT authtoken_token_user_id_35299eff_fk_accounts_user_id FOREIGN KEY (user_id) REFERENCES public.accounts_user(id) DEFERRABLE INITIALLY DEFERRED;


--
-- Name: boards_newsarticle_liked_users boards_newsarticle_l_newsarticle_id_0e3f7037_fk_boards_ne; Type: FK CONSTRAINT; Schema: public; Owner: postgres
--

ALTER TABLE ONLY public.boards_newsarticle_liked_users
    ADD CONSTRAINT boards_newsarticle_l_newsarticle_id_0e3f7037_fk_boards_ne FOREIGN KEY (newsarticle_id) REFERENCES public.boards_newsarticle(id) DEFERRABLE INITIALLY DEFERRED;


--
-- Name: boards_newsarticle_liked_users boards_newsarticle_l_user_id_640cc473_fk_accounts_; Type: FK CONSTRAINT; Schema: public; Owner: postgres
--

ALTER TABLE ONLY public.boards_newsarticle_liked_users
    ADD CONSTRAINT boards_newsarticle_l_user_id_640cc473_fk_accounts_ FOREIGN KEY (user_id) REFERENCES public.accounts_user(id) DEFERRABLE INITIALLY DEFERRED;


--
-- Name: django_admin_log django_admin_log_content_type_id_c4bce8eb_fk_django_co; Type: FK CONSTRAINT; Schema: public; Owner: postgres
--

ALTER TABLE ONLY public.django_admin_log
    ADD CONSTRAINT django_admin_log_content_type_id_c4bce8eb_fk_django_co FOREIGN KEY (content_type_id) REFERENCES public.django_content_type(id) DEFERRABLE INITIALLY DEFERRED;


--
-- Name: django_admin_log django_admin_log_user_id_c564eba6_fk_accounts_user_id; Type: FK CONSTRAINT; Schema: public; Owner: postgres
--

ALTER TABLE ONLY public.django_admin_log
    ADD CONSTRAINT django_admin_log_user_id_c564eba6_fk_accounts_user_id FOREIGN KEY (user_id) REFERENCES public.accounts_user(id) DEFERRABLE INITIALLY DEFERRED;


--
-- Name: movies_movie_actors movies_movie_actors_actor_id_44828aa1_fk_movies_actor_id; Type: FK CONSTRAINT; Schema: public; Owner: postgres
--

ALTER TABLE ONLY public.movies_movie_actors
    ADD CONSTRAINT movies_movie_actors_actor_id_44828aa1_fk_movies_actor_id FOREIGN KEY (actor_id) REFERENCES public.movies_actor(id) DEFERRABLE INITIALLY DEFERRED;


--
-- Name: movies_movie_actors movies_movie_actors_movie_id_baed65f3_fk_movies_movie_id; Type: FK CONSTRAINT; Schema: public; Owner: postgres
--

ALTER TABLE ONLY public.movies_movie_actors
    ADD CONSTRAINT movies_movie_actors_movie_id_baed65f3_fk_movies_movie_id FOREIGN KEY (movie_id) REFERENCES public.movies_movie(id) DEFERRABLE INITIALLY DEFERRED;


--
-- Name: movies_movie_directors movies_movie_directo_director_id_9cddcb44_fk_movies_di; Type: FK CONSTRAINT; Schema: public; Owner: postgres
--

ALTER TABLE ONLY public.movies_movie_directors
    ADD CONSTRAINT movies_movie_directo_director_id_9cddcb44_fk_movies_di FOREIGN KEY (director_id) REFERENCES public.movies_director(id) DEFERRABLE INITIALLY DEFERRED;


--
-- Name: movies_movie_directors movies_movie_directors_movie_id_7f54bd58_fk_movies_movie_id; Type: FK CONSTRAINT; Schema: public; Owner: postgres
--

ALTER TABLE ONLY public.movies_movie_directors
    ADD CONSTRAINT movies_movie_directors_movie_id_7f54bd58_fk_movies_movie_id FOREIGN KEY (movie_id) REFERENCES public.movies_movie(id) DEFERRABLE INITIALLY DEFERRED;


--
-- Name: movies_movie_genres movies_movie_genres_genre_id_c3609db2_fk_movies_genre_id; Type: FK CONSTRAINT; Schema: public; Owner: postgres
--

ALTER TABLE ONLY public.movies_movie_genres
    ADD CONSTRAINT movies_movie_genres_genre_id_c3609db2_fk_movies_genre_id FOREIGN KEY (genre_id) REFERENCES public.movies_genre(id) DEFERRABLE INITIALLY DEFERRED;


--
-- Name: movies_movie_genres movies_movie_genres_movie_id_ff5e55a1_fk_movies_movie_id; Type: FK CONSTRAINT; Schema: public; Owner: postgres
--

ALTER TABLE ONLY public.movies_movie_genres
    ADD CONSTRAINT movies_movie_genres_movie_id_ff5e55a1_fk_movies_movie_id FOREIGN KEY (movie_id) REFERENCES public.movies_movie(id) DEFERRABLE INITIALLY DEFERRED;


--
-- Name: socialaccount_socialtoken socialaccount_social_account_id_951f210e_fk_socialacc; Type: FK CONSTRAINT; Schema: public; Owner: postgres
--

ALTER TABLE ONLY public.socialaccount_socialtoken
    ADD CONSTRAINT socialaccount_social_account_id_951f210e_fk_socialacc FOREIGN KEY (account_id) REFERENCES public.socialaccount_socialaccount(id) DEFERRABLE INITIALLY DEFERRED;


--
-- Name: socialaccount_socialtoken socialaccount_social_app_id_636a42d7_fk_socialacc; Type: FK CONSTRAINT; Schema: public; Owner: postgres
--

ALTER TABLE ONLY public.socialaccount_socialtoken
    ADD CONSTRAINT socialaccount_social_app_id_636a42d7_fk_socialacc FOREIGN KEY (app_id) REFERENCES public.socialaccount_socialapp(id) DEFERRABLE INITIALLY DEFERRED;


--
-- Name: socialaccount_socialaccount socialaccount_social_user_id_8146e70c_fk_accounts_; Type: FK CONSTRAINT; Schema: public; Owner: postgres
--

ALTER TABLE ONLY public.socialaccount_socialaccount
    ADD CONSTRAINT socialaccount_social_user_id_8146e70c_fk_accounts_ FOREIGN KEY (user_id) REFERENCES public.accounts_user(id) DEFERRABLE INITIALLY DEFERRED;


--
-- PostgreSQL database dump complete
--

